"_id","title"
"607e45cf9f1c342af54674bd","Laylalay"
"607e45cf9f1c342af54674be","Sài Gòn Đau Lòng Quá"
"607e45cf9f1c342af54674bf","Câu Hẹn Câu Thề"
"607e45cf9f1c342af54674c0","Chỉ Là Không Cùng Nhau (Live)"
"607e45cf9f1c342af54674c1","Tháng Mấy Em Nhớ Anh?"
"607e45cf9f1c342af54674c2","Yêu Thầm"
"607e45cf9f1c342af54674c3","Giữa Đại Lộ Đông Tây (Live At XHTDRLX)"
"607e45cf9f1c342af54674c4","Gửi Lại Anh"
"607e45cf9f1c342af54674c5","Người Khóc Cùng Anh"
"607e45cf9f1c342af54674c6","Downtown Baby"
"607e45cf9f1c342af54674c7","Chỉ Là Không Cùng Nhau (Lofi Version)"
"607e45cf9f1c342af54674c8","Giữa Đại Lộ Đông Tây"
"607e45cf9f1c342af54674c9","Mưa Đêm"
"607e45cf9f1c342af54674ca","Một Lần Là Người Ấy"
"607e45cf9f1c342af54674cb","Mộng Mơ"
"607e45cf9f1c342af54674cc","Thiên Hạ Hữu Tình Nhân"
"607e45cf9f1c342af54674cd","Hết Duyên Tình Tan"
"607e45cf9f1c342af54674ce","Mình Đừng Quên Nhau"
"607e45cf9f1c342af54674cf","Sao Cha Không (Bố Già OST)"
"607e45cf9f1c342af54674d0","Chị Mẹ Học Yêu (Chị Mẹ Học Yêu OST)"
"607e45cf9f1c342af54674d1","Dù Có Ra Sao"
"607e45cf9f1c342af54674d2","Tình Mơ"
"607e45cf9f1c342af54674d3","Em Hãy Nín Đi"
"607e45cf9f1c342af54674d4","Gặp Lại Nhau (Acoustic Version)"
"607e45cf9f1c342af54674d5","Nhớ Người Hay Nhớ (Lofi Version)"
"607e45cf9f1c342af54674d6","Đóa Bạch Trà"
"607e45cf9f1c342af54674d7","Giận Em Lắm"
"607e465901238d2ca3833ef7","Mùa Hoa Bỏ Lại"
"607e465901238d2ca3833ef8","Cố Quên Con Đò"
"607e465901238d2ca3833ef9","Sương Trắng Miền Quê Ngoại"
"607e465901238d2ca3833efa","LK Sến Nhảy: Chiều Cuối Tuần Ai -  Cho Tôi Tình Yêu - Người Tình Không Đến"
"607e465901238d2ca3833efb","LK Đồng Xanh - Giàn Thiên Lý Đã Xa"
"607e465901238d2ca3833efc","Mèo Hoang"
"607e465901238d2ca3833efd","Kiếp Nào Có Yêu Nhau - Kiếp Đam Mê"
"607e465901238d2ca3833efe","Phố Mùa Đông"
"607e465901238d2ca3833eff","Giã Từ"
"607e465901238d2ca3833f00","Hoa Cúc Nhớ Mẹ (Live)"
"607e465901238d2ca3833f01","Hoa Mắc Cỡ"
"607e465901238d2ca3833f02","Tình Ca Hội An"
"607e465901238d2ca3833f03","Mùa Xuân Trong Thư Em"
"607e465901238d2ca3833f04","Bài Ca Tết Cho Em"
"607e465901238d2ca3833f05","Sắc Màu Quê Hương (Gala Nhạc Việt 15)"
"607e465901238d2ca3833f06","Ốc Đắng Buồn Ai"
"607e465901238d2ca3833f07","Ngày Tết Quê Em (Gala Nhạc Việt 15)"
"607e465901238d2ca3833f08","Sắc Màu Quê Hương (Gala Nhạc Việt 15)"
"607e465901238d2ca3833f09","Xuân Tha Hương (Gala Nhạc Việt 15)"
"607e465901238d2ca3833f0a","Khúc Hát Săn Mây"
"607e465901238d2ca3833f0b","Sắc Màu Quê Hương"
"607e46d37d1b9f2de9389a48","Chỉ Là Không Cùng Nhau Remix"
"607e46d37d1b9f2de9389a49","Tình Yêu Màu Hồng Remix"
"607e46d37d1b9f2de9389a4a","Chỉ Là Không Cùng Nhau (Orinn EDM Remix)"
"607e46d37d1b9f2de9389a4b","Laylalay (Trực Lương X Htrol Remix)"
"607e46d37d1b9f2de9389a4c","Xin Đừng Nhấc Máy (Masew Remix)"
"607e46d37d1b9f2de9389a4d","Đừng Như Người Dưng (ACV Remix)"
"607e46d37d1b9f2de9389a4e","Chàng Trai Sơ Mi Hồng (Orinn Remix)"
"607e46d37d1b9f2de9389a4f","Không Sao Em À (ACV Remix)"
"607e46d37d1b9f2de9389a50","Phải Chăng Em Đã Yêu (Orinn EDM Remix)"
"607e46d37d1b9f2de9389a51","Tình Bạn Diệu Kỳ (Masew Remix)"
"607e46d37d1b9f2de9389a52","Tình Yêu Màu Nắng (Long Nhật Remix)"
"607e46d37d1b9f2de9389a53","Dễ Đến Dễ Đi (Andy EDM Remix)"
"607e46d37d1b9f2de9389a54","Tình Bạn Diệu Kỳ (Orinn Remix)"
"607e46d37d1b9f2de9389a55","Hai Phút Hơn (TIPO Remix)"
"607e46d37d1b9f2de9389a56","Chưa Từng Thương Ai Đến Vậy (WRC Remix)"
"607e46d37d1b9f2de9389a57","Nhớ Người Hay Nhớ...(Orinn EDM Remix)"
"607e46d37d1b9f2de9389a58","Nhớ Người Hay Nhớ (TiLo X Nhí X San Remix)"
"607e46d37d1b9f2de9389a59","Anh Làm Gì Sai (Andy EDM Remix)"
"607e46d37d1b9f2de9389a5a","Yêu Em Từ Bé (ACV EDM Remix)"
"607e46d37d1b9f2de9389a5b","Where U At (Mee Remix)"
"607e4772cd96152fe74dfc45","Tay To"
"607e4772cd96152fe74dfc46","Nhớ Người Hay Nhớ"
"607e4772cd96152fe74dfc47","XTC Remix"
"607e4772cd96152fe74dfc48","Chỉ Một Đêm Nữa Thôi (Live)"
"607e4772cd96152fe74dfc49","Em À"
"607e4772cd96152fe74dfc4a","Mặc Kệ Cả Thế Giới"
"607e4772cd96152fe74dfc4b","Hôn Nhau Lần Cuối"
"607e4772cd96152fe74dfc4c","Những Chiếc Áo"
"607e4772cd96152fe74dfc4d","Này Ratatouille Chắc Anh Trở Thành Linguini"
"607e4772cd96152fe74dfc4e","Yesterday"
"607e4772cd96152fe74dfc4f","Cháu Xin Lỗi Chú"
"607e4772cd96152fe74dfc50","IceMan"
"607e4772cd96152fe74dfc51","SUZIE"
"607e4772cd96152fe74dfc52","84 Gang"
"607e4772cd96152fe74dfc53"," Lựa Chọn Của Em"
"607e4772cd96152fe74dfc54"," Anh Em Cột Chèo"
"607e48292703a03248227e61","Xin Anh Giữ Trọn Tình Quê"
"607e48292703a03248227e62","Xóm Đêm"
"607e48292703a03248227e63","Trăng Sơn Cước (Ca Sĩ Ẩn Danh)"
"607e48292703a03248227e64","Đêm Xuân - Biển Đảo Và Nỗi Nhớ"
"607e48292703a03248227e65","Đêm Đông"
"607e48292703a03248227e66","Em Chọn Lối Này"
"607e48292703a03248227e67","Giọt Mưa Thu"
"607e48292703a03248227e68","Chiếc Khăn Piêu"
"607e48292703a03248227e69","Gửi Người Em Gái"
"607e48292703a03248227e6a","Gửi Gió Cho Mây Ngàn Bay"
"607e48292703a03248227e6b","Bài Ca Đất Phương Nam"
"607e48292703a03248227e6c","Chân Quê"
"607e48292703a03248227e6d","Mùa Xuân Sao Chưa Về Hỡi Em"
"607e48292703a03248227e6e","Hà Nội Mùa Vắng Những Cơn Mưa"
"607e48292703a03248227e6f","Chiếc Lá Cuối Cùng"
"607e48292703a03248227e70","Dư Âm"
"607e48292703a03248227e71","Cô Bắc Kỳ Nho Nhỏ"
"607e48292703a03248227e72","Hà Nội Mùa Này Vắng Những Cơn Mưa"
"607e48292703a03248227e73","Rồi Mai Tôi Đưa Em"
"607e48292703a03248227e74","Cô Hàng Nước"
"607e48292703a03248227e75","Đêm Đông"
"607e48b8c4f691338b4631ad","Mưa Hồng"
"607e48b8c4f691338b4631ae","Ướt Mi"
"607e48b8c4f691338b4631af","Mưa Hồng"
"607e48b8c4f691338b4631b0","Ru Em Từng Ngón Xuân Nồng (Live)"
"607e48b8c4f691338b4631b1","Tôi Ru Em Ngủ (Phương Thảo Guitar)"
"607e48b8c4f691338b4631b2","Diễm Xưa"
"607e48b8c4f691338b4631b3","Còn Tuổi Nào Cho Em"
"607e48b8c4f691338b4631b4","Biển Nhớ"
"607e48b8c4f691338b4631b5","Sóng Về Đâu"
"607e48b8c4f691338b4631b6","Dấu Chân Địa Đàng"
"607e48b8c4f691338b4631b7","Ru Ta Ngậm Ngùi"
"607e48b8c4f691338b4631b8","Ru Em Từng Ngón Xuân Nồng"
"607e48b8c4f691338b4631b9","Phôi Pha"
"607e48b8c4f691338b4631ba","Ru Đời Đi Nhé"
"607e48b8c4f691338b4631bb","Cát Bụi"
"607e48b8c4f691338b4631bc","Hoa Vàng Mấy Độ"
"607e48b8c4f691338b4631bd","Một Cõi Đi Về"
"607e48b8c4f691338b4631be","Gọi Tên Bốn Mùa"
"607e48b8c4f691338b4631bf","Chiều Một Mình Qua Phố"
"607e48b8c4f691338b4631c0","Biển Nhớ"
"607e48b8c4f691338b4631c1","Hạ Trắng"
"607e48b8c4f691338b4631c2","Rừng Xưa Đã Khép"
"607e48b8c4f691338b4631c3","Mưa Hồng"
"607e48b8c4f691338b4631c4","Diễm Xưa"
"607e48b8c4f691338b4631c5","Dấu Chân Địa Đàng"
"607e48b8c4f691338b4631c6","Còn Tuổi Nào Cho Em (Em Là Bà Nội Của Anh OST)"
"607e49279db0e834cf759689","Nhu Mì"
"607e49279db0e834cf75968a","Ly Cafe Không Đường"
"607e49279db0e834cf75968b","Nghe Những Tiếng Vang"
"607e49279db0e834cf75968c","Con Đường Không Tên"
"607e49279db0e834cf75968d","Mùa Đông Ở Lại"
"607e49279db0e834cf75968e","Ký Ức"
"607e49279db0e834cf75968f","Bình Yên"
"607e49279db0e834cf759690","Tháng 10"
"607e49279db0e834cf759691","Tuổi Bé Thơ"
"607e49279db0e834cf759692","Khoảng Trống"
"607e49279db0e834cf759693","Lối Rẽ"
"607e49279db0e834cf759694","Ước Muốn"
"607e49279db0e834cf759695","Sống Sai"
"607e49279db0e834cf759696","Ở Đó"
"607e49279db0e834cf759697","Chiến Thần Vô Cực (Infinity Nado III)"
"607e49279db0e834cf759698","Dạo Gần Đây"
"607e49279db0e834cf759699","Có Anh Trong Cuộc Đời"
"607e49279db0e834cf75969a","Đừng Nói Tôi Điên"
"607e49279db0e834cf75969b","Alright"
"607e49279db0e834cf75969c","B52"
"607e49279db0e834cf75969d","Đàn Chim Di Cư (Rock Version)"
"607e499730248736453f0d75","Tự Hào Tiến Bước Dưới Cờ Đảng"
"607e499730248736453f0d76","Chung Sức Chung Lòng"
"607e499730248736453f0d77","Bài Ca Người Giáo Viên Nhân Dân"
"607e499730248736453f0d78","Hồ Chí Minh Đẹp Nhất Tên Người (Live)"
"607e499730248736453f0d79","Tổ Quốc Bốn Mùa Hoa"
"607e499730248736453f0d7a","Vinh Quang Việt Nam"
"607e499730248736453f0d7b","Hào Khí Bạch Đằng Giang"
"607e499730248736453f0d7c","Có Một Mái Đầu Tóc Bạc"
"607e499730248736453f0d7d","Niềm Tin Dâng Đảng"
"607e499730248736453f0d7e","Đất Nước Trọn Niềm Vui"
"607e499730248736453f0d7f","Đất Nước Trọn Niềm Vui"
"607e499730248736453f0d80","Cuộc Đời Vẫn Đẹp Sao"
"607e499730248736453f0d81","Ta Tự Hào Đi Lên Ôi Việt Nam"
"607e499730248736453f0d82","Tự Hào Chiến Sĩ Ngành Y I Tứ Ca Aladin"
"607e499830248736453f0d83","Như Bác Về Thăm"
"607e499830248736453f0d84","Công An Nhân Dân Khắc Ghi Lời Bác"
"607e499830248736453f0d85","Lời Mẹ"
"607e499830248736453f0d86","Những Bông Hoa Mùa Xuân"
"607e4a3e03b285379eaac7ce","Peaches"
"607e4a3e03b285379eaac7cf","Deja Vu"
"607e4a3e03b285379eaac7d0","Met Him Last Night"
"607e4a3e03b285379eaac7d1","Love Is Weird"
"607e4a3e03b285379eaac7d2","Beautiful Mistakes"
"607e4a3e03b285379eaac7d3","Hold On"
"607e4a3e03b285379eaac7d4","Unlock It"
"607e4a3e03b285379eaac7d5","You All Over Me (Taylor’s Version) (From The Vault)"
"607e4a3e03b285379eaac7d6","Slow Clap"
"607e4a3e03b285379eaac7d7","Starstruck"
"607e4a3e03b285379eaac7d8","At My Worst (Gustixa Remix)"
"607e4a3e03b285379eaac7d9","Sunset"
"607e4a3e03b285379eaac7da","Drivers License"
"607e4a3e03b285379eaac7db","Bang Bang"
"607e4a3e03b285379eaac7dc","2 Much"
"607e4a3e03b285379eaac7dd","Deserve You"
"607e4a3e03b285379eaac7de","Tình Cer"
"607e4a3e03b285379eaac7df","Off My Face"
"607e4a3e03b285379eaac7e0","Somebody"
"607e4a3e03b285379eaac7e1","As I Am"
"607e4a3e03b285379eaac7e2","Unstable"
"607e4a3e03b285379eaac7e3","Die For You"
"607e4a3e03b285379eaac7e4","Love You Different"
"607e4a3e03b285379eaac7e5","Loved By You"
"607e4a3e03b285379eaac7e6","White Dress"
"607e4a3e03b285379eaac7e7","Ghost"
"607e4a3e03b285379eaac7e8","Love Story (Taylor’s Version)"
"607e4a3e03b285379eaac7e9","Willow"
"607e4a3e03b285379eaac7ea","Mlk Interlude"
"607e4a3e03b285379eaac7eb","Lo Vas A Olvidar"
"607e4a3e03b285379eaac7ec","The Top"
"607e4a3e03b285379eaac7ed","Trust Me (MIDZY) (English Ver.)"
"607e4a3e03b285379eaac7ee","Peaches"
"607e4a3e03b285379eaac7ef","Slow Clap"
"607e4a3e03b285379eaac7f0","34+35 (Remix)"
"607e4aaccaf86038e791b34a","Cutthroat"
"607e4aaccaf86038e791b34b","Follow You"
"607e4aaccaf86038e791b34c","Renegades"
"607e4aaccaf86038e791b34d","Dead Of Night Main"
"607e4aaccaf86038e791b34e","Simple Thoughts Main"
"607e4aaccaf86038e791b34f","All The Colours In The Sky Main"
"607e4aaccaf86038e791b350","Simple Joy Main"
"607e4aaccaf86038e791b351","Taking It Easy Main"
"607e4aaccaf86038e791b352","Dawn Main"
"607e4aaccaf86038e791b353","When I Go Elements Stock Marley"
"607e4aaccaf86038e791b354","Feel Good Autumn Main"
"607e4aaccaf86038e791b355","Oh Mon Amour"
"607e4aaccaf86038e791b356","Upside Down Pt.2"
"607e4aaccaf86038e791b357","Overcast Focus Main"
"607e4aaccaf86038e791b358","Dream Night Full"
"607e4aaccaf86038e791b359","Transformer Animated Theme"
"607e4aaccaf86038e791b35a","Upside Down Pt.1"
"607e4aaccaf86038e791b35b","Motionmatic Full"
"607e4aaccaf86038e791b35c"," Slowly Full"
"607e4aaccaf86038e791b35d","Late Night Full"
"607e4aaccaf86038e791b35e","O Holy Night"
"607e4aaccaf86038e791b35f","No Time To Die"
"607e4b220c149b3a6c6a0b55","Lock It (Tiktok Remix)"
"607e4b220c149b3a6c6a0b56","Stars Align"
"607e4b220c149b3a6c6a0b57","Wild Mind (MLSTRM Remix)"
"607e4b220c149b3a6c6a0b58","Leave A Little Love"
"607e4b220c149b3a6c6a0b59","Love Love Love"
"607e4b220c149b3a6c6a0b5a","Over Night"
"607e4b220c149b3a6c6a0b5b","Rạng Đông (Dawn)"
"607e4b220c149b3a6c6a0b5c","Đánh Cá (Fishing)"
"607e4b220c149b3a6c6a0b5d","The Chase"
"607e4b220c149b3a6c6a0b5e","On The Ground (R3L Remix)"
"607e4b220c149b3a6c6a0b5f","Song Of War"
"607e4b230c149b3a6c6a0b60","Tình Bạn Diệu Kỳ (EXABiOS Remix)"
"607e4b230c149b3a6c6a0b61","Distant Memory"
"607e4b230c149b3a6c6a0b62","Star Sky (Yaha Remix)"
"607e4b230c149b3a6c6a0b63","The Keys (Psy Trance)"
"607e4d62d7819c4377de5cbd","Antonio"
"607e4d62d7819c4377de5cbe","Whistling On A Bike"
"607e4d62d7819c4377de5cbf","Dixie Chopin"
"607e4d62d7819c4377de5cc0","The Trolley Song (From Meet Me In St.Louis 1944)"
"607e4d62d7819c4377de5cc1","Love Like You"
"607e4d62d7819c4377de5cc2","500 Miles"
"607e4df01a4d2c461dcbe905","Mr. Perfectly Fine (Taylor’s Version) (From The Vault)"
"607e4df01a4d2c461dcbe906","You Belong With Me (Taylor’s Version)"
"607e4df01a4d2c461dcbe907","Fearless (Taylor’s Version)"
"607e4df01a4d2c461dcbe908","Come In With The Rain (Taylor’s Version)"
"607e4df01a4d2c461dcbe909","Fifteen (Taylor’s Version)"
"607e4df01a4d2c461dcbe90a","The Way I Loved You (Taylor’s Version)"
"607e4df01a4d2c461dcbe90b","White Horse (Taylor’s Version)"
"607e4df01a4d2c461dcbe90c","You’re Not Sorry (Taylor’s Version)"
"607e4df01a4d2c461dcbe90d","Hey Stephen (Taylor’s Version)"
"607e4df01a4d2c461dcbe90e","Forever &amp; Always (Taylor’s Version)"
"607e4df01a4d2c461dcbe90f","That’s When (Taylor’s Version) (From The Vault)"
"607e4df01a4d2c461dcbe910","Bye Bye Baby (Taylor’s Version) (From The Vault)"
"607e4df01a4d2c461dcbe911","Don’t You (Taylor’s Version) (From The Vault)"
"607e4df01a4d2c461dcbe912","Jump Then Fall (Taylor’s Version)"
"607e4df01a4d2c461dcbe913","Change (Taylor’s Version)"
"607e4df01a4d2c461dcbe914","Untouchable (Taylor’s Version)"
"607e4df01a4d2c461dcbe915","Tell Me Why (Taylor’s Version)"
"607e4df01a4d2c461dcbe916","The Best Day (Taylor’s Version)"
"607e4df01a4d2c461dcbe917","Forever &amp; Always (Piano Version) (Taylor’s Version)"
"607e4df01a4d2c461dcbe918","We Were Happy (Taylor’s Version) (From The Vault)"
"607e4df01a4d2c461dcbe919","Breathe (Taylor’s Version)"
"607e4df01a4d2c461dcbe91a","The Other Side Of The Door (Taylor’s Version)"
"607e4df01a4d2c461dcbe91b","Today Was A Fairytale (Taylor’s Version)"
"607e4df01a4d2c461dcbe91c","Superstar (Taylor’s Version)"
"607e4df01a4d2c461dcbe91d","Last Time I Say Sorry"
"607e4df01a4d2c461dcbe91e","Last Time I Say Sorry"
"607e4df01a4d2c461dcbe91f","On Mine"
"607e4ed8bd48f8493eb34d47","Derby Day Main"
"607e4ed8bd48f8493eb34d48","His N Her's Main"
"607e4ed8bd48f8493eb34d49","Heavy Dirty Soul"
"607e5151f789704d51862044","Dámelo To’"
"607e5151f789704d51862045","Buscando Amor"
"607e5151f789704d51862046","De Una Vez"
"607e5151f789704d51862047","Adiós"
"607e5151f789704d51862048","Vicio"
"607e5151f789704d51862049","Beautiful Boy"
"607e5151f789704d5186204a","Leyendas"
"607e5151f789704d5186204b","MAMACITA"
"607e5151f789704d5186204c","GIRL LIKE ME"
"607e5151f789704d5186204d","Hawái"
"607e5151f789704d5186204e","Relación (Remix)"
"607e5151f789704d5186204f","La Santa"
"607e5279e1c8e44f33728abf","Happy (Sáng Tạo Doanh 2021)"
"607e5279e1c8e44f33728ac0","Believer (Sáng Tạo Doanh 2021)"
"607e5279e1c8e44f33728ac1","At My Worst Cover"
"607e5279e1c8e44f33728ac2","Chuang To-Gather, Go! (English Version) (Sáng Tạo Doanh 2021)"
"607e5279e1c8e44f33728ac3","So Sick (Sáng Tạo Doanh 2021)"
"607e527ae1c8e44f33728ac4","Without You (The Box OST)"
"607e527ae1c8e44f33728ac5","All Hands On Deck + Senorita Cover"
"607e527ae1c8e44f33728ac6","Friends (Acoustic Version)"
"607e527ae1c8e44f33728ac7","Beautiful In White (Gustixa Lofi Remix)"
"607e527ae1c8e44f33728ac8","Attack on Titan - You See Big Girl / T:T (Legendado-PT/BR)"
"607e527ae1c8e44f33728ac9","Save Your Tears Cover"
"607e527ae1c8e44f33728aca","Legend In The Making"
"607e527ae1c8e44f33728acb","Rubia (Độ Trần - Honkai Impact 3rd OST)"
"607e527ae1c8e44f33728acc","Maria's Theme - Loyalty"
"607e527ae1c8e44f33728acd","Ib Puppet (Mary's Theme)"
"607e527ae1c8e44f33728ace","Just A Word For You (The Empire Of Corpses OST)"
"607e527ae1c8e44f33728acf","Got It (Đêm FAN Gia Đình Hàng Năm Tencent) (Live)"
"607e550d76297a5d421ce6e8","Like Water"
"607e550d76297a5d421ce6e9","Lilac"
"607e550d76297a5d421ce6ea","Everyday We Fight"
"607e550d76297a5d421ce6eb","Bambi"
"607e550d76297a5d421ce6ec","Not Alone"
"607e550d76297a5d421ce6ed","Antidote"
"607e550d76297a5d421ce6ee","When This Rain Stops"
"607e550d76297a5d421ce6ef","Unnatural"
"607e550d76297a5d421ce6f0","Trust Me (MIDZY)"
"607e550d76297a5d421ce6f1","Celebrity"
"607e550d76297a5d421ce6f2","You Make Me"
"607e550d76297a5d421ce6f3","Coin"
"607e550d76297a5d421ce6f4","Why Can't You Love Me?"
"607e550d76297a5d421ce6f5","Best Friend"
"607e550d76297a5d421ce6f6","Flu"
"607e550d76297a5d421ce6f7","The Road"
"607e550d76297a5d421ce6f8","What Type Of X"
"607e550d76297a5d421ce6f9","Cry For Love"
"607e550d76297a5d421ce6fa","On The Ground (Eruji Remix)"
"607e550d76297a5d421ce6fb","Only"
"607e550d76297a5d421ce6fc","Ah Puh"
"607e550d76297a5d421ce6fd","Above The Clouds"
"607e550d76297a5d421ce6fe","Epilogue"
"607e550d76297a5d421ce6ff","I’m Not Cool"
"607e550d76297a5d421ce700","Healer"
"607e550d76297a5d421ce701","Tail"
"607e550d76297a5d421ce702","Better"
"607e550d76297a5d421ce703","Troll"
"607e550d76297a5d421ce704","One"
"607e550d76297a5d421ce705","Hi Spring Bye"
"607e556de081d15e630cbb7d","Hướng Của Ánh Sáng / 光的方向 (Trường Ca Hành OST)"
"607e556de081d15e630cbb7e","Gõ Khả Ái Rồi Nhấn Phím Năm / 输入法打可爱按第五 (Sáng Tạo Doanh 2021)"
"607e556de081d15e630cbb7f","Em Đừng Nhớ Đến Anh / 你就不要想起我 (Sáng Tạo Doanh 2021)"
"607e556de081d15e630cbb80","Trời Mưa Rồi Anh Ở Đây Nhớ Em / 下雨了是我在想你 (Sáng Tạo Doanh 2021)"
"607e556de081d15e630cbb81","Kế Hoạch Mạo Hiểm / 冒险计划 (Sáng Tạo Doanh 2021)"
"607e556de081d15e630cbb82","Nana Party (Sáng Tạo Doanh 2021)"
"607e556de081d15e630cbb83","Chú Cá Voi Hóa Thân Của Hòn Đảo Cô Độc (Sáng Tạo Doanh 2021)"
"607e556de081d15e630cbb84","Fix Me (Sáng Tạo Doanh 2021)"
"607e556de081d15e630cbb85","Đỉnh Cao / 峰顶 (Sáng Tạo Doanh 2021)"
"607e556de081d15e630cbb86","Radio (Sáng Tạo Doanh 2021)"
"607e556de081d15e630cbb87","We Rock (Thanh Xuân Có Bạn 3)"
"607e556de081d15e630cbb88","Chúng Nhau Cùng Nhau Xông Lên / 我们一起闯 (Chinese Version) (Sáng Tạo Doanh 2021)"
"607e556de081d15e630cbb89","Muốn Bên Nhau / 要一起 (Cẩm Tâm Tựa Ngọc OST)"
"607e556de081d15e630cbb8a","Tình Yêu Vĩnh Viễn Không Mất Đi / 永不失联的爱 (Sáng Tạo Doanh 2021)"
"607e55d1a4464160298861e3","Film Out"
"607e55d1a4464160298861e4","Run To You (Japanese Version)"
"607e55d1a4464160298861e5","London Slag Party High"
"607e55d1a4464160298861e6","Home;Run (Japanese Version)"
"607e55d1a4464160298861e7","Lesson (Live)"
"607e55d1a4464160298861e8","Gimme Gimme"
"607e565516c3a4622642873a","Crab Dance (Sáng Tạo Doanh 2021)"
"607e565516c3a4622642873b","Dễ Đến Dễ Đi (Thailand Version)"
"607e565516c3a4622642873c","Her Cheeks Are Rosier Than Anyone Else's Cover"
"607e565516c3a4622642873d","Pleng Derm (A Chance To Love 2 OST)"
"607e56c9baf27466ed0ebe58","Ba Tập Em Bơi"
"607e56c9baf27466ed0ebe59","Cún Cún Con Con"
"607e56c9baf27466ed0ebe5a","Xe Cạp Đất"
"607e56c9baf27466ed0ebe5b","Chú Ếch Con (See Sing Share 4)"
"607e56c9baf27466ed0ebe5c","Cháu Yêu Cô Chú Công Nhân"
"607e56c9baf27466ed0ebe5d","Mùa Xuân Của Bé"
"607e56c9baf27466ed0ebe5e","Cả Nhà Đi Học"
"607e5731729b536b7694a70d","Two Tone Sox (True Beauty OST)"
"607e5731729b536b7694a70e","Milky Way (True Beauty OST)"
"607e5731729b536b7694a70f","My Fantastic Stars (True Beauty OST)"
"607e5731729b536b7694a710","I Warned (True Beauty OST)"
"607e5731729b536b7694a711","Nhạc Lofi Chill Nhẹ Nhàng Không Lời"
"607e5731729b536b7694a712","Ori And The Blind Forest (Main Theme)"
"607e5731729b536b7694a713","Life Of Luxury C"
"607e5731729b536b7694a714","Daily Vlogger A"
"607e5731729b536b7694a715","Đồng Lúa (Rice Paddies)"
"607e5731729b536b7694a716","UEFA Europa League Anthem"
"607e5731729b536b7694a717","Vapour Cloud A "
"607e5731729b536b7694a718","Ashes On The Fire (The Final Season Original Soundtrack)"
"607e5731729b536b7694a719","Coy A"
"607e5789ea320a6d60f9a362","Laylalay Beat"
"607e5789ea320a6d60f9a363","Có Chắc Yêu Là Đây (Instrumental) - Prod.Daffy"
"607e5789ea320a6d60f9a364","Câu Hẹn Câu Thề Beat"
"607e5789ea320a6d60f9a365","Hết Duyên Tình Tan Beat"
"607e5789ea320a6d60f9a366","Em Hãy Nín Đi Beat"
"607e5789ea320a6d60f9a367","Người Khóc Cùng Anh Beat"
"607e5789ea320a6d60f9a368","Chưa Từng Thương Ai Đến Vậy Beat"
"607e5789ea320a6d60f9a369","Vô Đề / 无题 (Sơn Hà Lệnh Ost) Beat"
"607e5789ea320a6d60f9a36a","Bạch Nguyệt San Và Nốt Chu Sa Beat"
"607e5789ea320a6d60f9a36b","Cẩm Thư Lai / 锦书来 (Sơn Hà Lệnh Ost) Beat"
"607e5789ea320a6d60f9a36c","Đau Để Trưởng Thành Beat"
"607e5789ea320a6d60f9a36d","Một Lần Là Người Ấy Beat"
"607e5789ea320a6d60f9a36e","Dù Có Ra Sao Beat"
"607e5789ea320a6d60f9a36f","Yêu Người Trăng Hoa Beat"
"607e5789ea320a6d60f9a370","JK Beats Relaxation"
"607e5789ea320a6d60f9a371","Mình Đừng Quên Nhau Beat"
"607e57e9392af06eb643b2c1","Alone Remix"
"607e57e9392af06eb643b2c2","Nonstop - Nhạc TikTok Cực Phiêu"
"607e57e9392af06eb643b2c3","Renge Miyauchi - Nyanpasu Remix"
"607e57e9392af06eb643b2c4","Nonstop - Mixtape - Ghệ Đẹp Nhất Cả Khu"
"607e57e9392af06eb643b2c5","Bà Con Ai Bị Xương Khớp Remix"
"607e57e9392af06eb643b2c6","Nonstop - Việt Mix - Quá Khứ Kia Của Anh - Ai Mang Cô Đơn Đi (DJ Zoey Remix)"
"607e57e9392af06eb643b2c7","Để Kể Cho Nghe Episode 1: Châu Đăng Khoa"
"607e57e9392af06eb643b2c8","Nhạc Trung Quốc Remix 2021 Hay Nhất Hiện Nay - Top 15 Bản Nhạc Tik Tok Trung Quốc Gây Nghiện"
"607e57e9392af06eb643b2c9","Anh Khóc Khi Anh Nhận Ra Nước Mắt Rơi Vì Lúc Buồn"
"607e57e9392af06eb643b2ca","Nhạc Trẻ Remix 2021 Hay Nhất Hiện Nay - EDM Tik Tok Orinn Remix"
"607e57e9392af06eb643b2cb","Nonstop - Việt Mix - Cô Độc Vương - Cố Giang Tình (Thăng Kenny Mix)"
"607e57e9392af06eb643b2cc","Nhạc Trẻ Remix 2021"
"607e57e9392af06eb643b2cd","I Love You (Kevin Rater Remix)"
"607e57e9392af06eb643b2ce","Top 10 Nhạc Lofi Nghe Nhiều 3107-2, Nhớ Về Em, Kẹo Bông Gòn, Cứ Vội Vàng Lofi Chill Hay Nhất 2021"
"607e57e9392af06eb643b2cf","Để Kể Cho Nghe Episode 3: Lyly &amp; Anh Tú"
"607e57e9392af06eb643b2d0","Hành Tinh Ánh Sáng (Live)"
"607e57e9392af06eb643b2d1","Để Kể Cho Nghe Episode 10: Phương Mỹ Chi"
"607e57e9392af06eb643b2d2","Để Kể Cho Nghe Episode 4: Khói"
"607e57e9392af06eb643b2d3","Mini Mix - Cô Độc Vương"
"607e57e9392af06eb643b2d4","Nhạc Trẻ Remix 2021 Hay Nhất Hiện Nay - EDM Tik Tok Orinn Remix 2"
"607e57e9392af06eb643b2d5","Hẹn Yêu Cover"
"607e57e9392af06eb643b2d6","Để Kể Cho Nghe Episode 9: Pháo X Masew"
"607e57e9392af06eb643b2d7","Friday Night Funkin Blammed"
"607e57e9392af06eb643b2d8","Đóa Bạch Trà (Piano Version)"
"607e57e9392af06eb643b2d9","Nonstop 2021 - Việt Mix - Nhạc Trẻ Remix Hay Nhất Hiện Nay"
"607e57e9392af06eb643b2da","Nonstop 2021 - Việt Mix - Tình Bạn Diệu Kỳ"
"607e57e9392af06eb643b2db","Nonstop 2021 - Vinahouse  - Nhạc Chiến Phòng Bay - Căng Đét"
"607e57e9392af06eb643b2dc","Dunn Remix"
"607e57e9392af06eb643b2dd","Nhạc Trung Quốc - List Nhạc Tik Tok Trung Quốc Gây Nghiện Hay Nhất Hiện Nay"
"607e57e9392af06eb643b2de","Tommy Tèo Alaba Trap Playlist #1"
"607e57e9392af06eb643b2df","Để Kể Cho Nghe Episode 2: Orange"
"607e57e9392af06eb643b2e0","Nonstop - Việt Mix 2021 - Hôm Nay Em Cưới Rồi - Họ Yêu Ai Mất Rồi"
"607e584e02633570058cf4d6","Sài Gòn Đau Lòng Quá (Lofi Version Cover)"
"607e584e02633570058cf4d7","Cô Độc Vương Cover"
"607e584e02633570058cf4d8","Cô Độc Vương Cover"
"607e584e02633570058cf4d9","Cô Độc Vương Cover"
"607e584e02633570058cf4da","Thời Không Sai Lệch Cover"
"607e584e02633570058cf4db","Từng Yêu Cover"
"607e584e02633570058cf4dc","Mưa Trên Cuộc Tình Cover"
"607e584e02633570058cf4dd","Em Thà Bỏ Lỡ Anh (Demo)"
"607e584e02633570058cf4de","Tình Anh Cover"
"607e584e02633570058cf4df","Mãi Mãi Một Tình Yêu Cover"
"607e5aa032de4d78c037abdb","Forever"
"607e5b1f7bb4117aacafbea8","Hurt"
"607e5b1f7bb4117aacafbea9","Coffee"
"607e5b1f7bb4117aacafbeaa","Smile"
"607e5b1f7bb4117aacafbeab","Bigger Love"
"607e5b1f7bb4117aacafbeac","Umbrella"
"607e5b1f7bb4117aacafbead","Numbers"
"607e5b1f7bb4117aacafbeae","Chicago Freestyle"
"607e5b1f7bb4117aacafbeaf","Underdog (Acoustic Version)"
"607e5b1f7bb4117aacafbeb0","Inside Friend"
"607e5b1f7bb4117aacafbeb1","TROLLZ"
"607e5b1f7bb4117aacafbeb2","Hate The Other Side"
"607ed313ef1a9ba4809cec9a","Yêu Người Trăng Hoa"
"607ed313ef1a9ba4809cec9b","Càng Đậm Sâu Càng Đau"
"607ed313ef1a9ba4809cec9c","Xin Lỗi Vì Đã Yêu Nhau"
"607ed313ef1a9ba4809cec9d","Cô Đơn Vắt Vai"
"607ed313ef1a9ba4809cec9e","Người Ta Đâu Thương Em (Acoustic Version)"
"607ed313ef1a9ba4809cec9f","Người Duy Nhất"
"607ed313ef1a9ba4809ceca0","Sợ Rằng Tình Lỡ"
"607ed313ef1a9ba4809ceca1","Ngọt"
"607ed313ef1a9ba4809ceca2","Người Xa Lạ"
"607ed313ef1a9ba4809ceca3","Ngày Đau Nhất"
"607ed313ef1a9ba4809ceca4","Đủ Đau Để Rời Xa"
"607ed313ef1a9ba4809ceca5","Có Lẽ Anh Chưa Từng "
"607ed313ef1a9ba4809ceca6","Hò Ai Ơi"
"607ed313ef1a9ba4809ceca7","Cho Nhau Một Lời Hứa"
"607ed313ef1a9ba4809ceca8","Love You, Bae"
"607ed313ef1a9ba4809ceca9","Kiều Mệnh Khúc (Kiều OST)"
"607ed313ef1a9ba4809cecaa","Hạ Cánh Nơi Em"
"607ed313ef1a9ba4809cecab","Em Đã Làm Gì Đêm Qua"
"607ed313ef1a9ba4809cecac","Mình Anh Nơi Này (Lofi Version)"
"607ed313ef1a9ba4809cecad","Cafe Không Đường"
"607ed313ef1a9ba4809cecae","Có Lẽ Phải Quên"
"607ed313ef1a9ba4809cecaf","Quên Cách Yêu Thay Cách Nhớ"
"607ed313ef1a9ba4809cecb0","Lỗi Tại Mưa (Acoustic Version)"
"607ed313ef1a9ba4809cecb1","Giá Như Ta Chẳng Biết Nhau (Acoustic Version)"
"607ed313ef1a9ba4809cecb2","I'm So Sad"
"607ed313ef1a9ba4809cecb3","Càng Đậm Sâu Càng Đau (Lofi Version)"
"607ed3690ba162a53baafb81","Đêm Trăng Tình Yêu"
"607ed3690ba162a53baafb82","Không Sao Em À"
"607ed3690ba162a53baafb83","Ngốc Mới Để Mất Em"
"607ed3690ba162a53baafb84","Lời Gió Nói"
"607ed3690ba162a53baafb85","Mang Bình Yên Rôi Quay Bước"
"607ed3690ba162a53baafb86","Thở"
"607ed3690ba162a53baafb87","Có Em Bên Cạnh"
"607ed3690ba162a53baafb88","Chẳng Có Gì Là Thật"
"607ed3690ba162a53baafb89","Chúng Ta Sau Này (Lofi Ver)"
"607ed3690ba162a53baafb8a","Đâu Chỉ Riêng Mình Anh"
"607ed3690ba162a53baafb8b","Thương (Acoustic Version)"
"607ed3690ba162a53baafb8c","Tình Hồng Như Mơ"
"607ed3690ba162a53baafb8d","Chỉ Là Lời Nói Dối"
"607ed3690ba162a53baafb8e","Sài Gòn Không Dành Cho Người Cô Đơn"
"607ed3690ba162a53baafb8f","Chúng Ta Phải Đổi Thay"
"607ed3690ba162a53baafb90","Có Một Thành Phố"
"607ed3690ba162a53baafb91","Sài Gòn Đau Lòng Quá (Xuân Hạ Thu Đông Rồi Lại Xuân)"
"607ed3690ba162a53baafb92","Cảm Ơn Cha Và Mẹ"
"607ed3690ba162a53baafb93","Xa Anh Sẽ Tốt Hơn"
"607ed3690ba162a53baafb94","Căn Phòng Nước Mắt"
"607ed3690ba162a53baafb95","Vội Vàng Anh Đổi Thay"
"607ed3690ba162a53baafb96","Yêu Thêm Lần Hai Lại Sai"
"607ed3690ba162a53baafb97","Cố Gượng Cười"
"607ed3690ba162a53baafb98","Thèm Yêu (Acoustic Version) "
"607ed3690ba162a53baafb99","Chạy Trời Sao Khỏi Nắng"
"607ed3d400d7ffa7c83cfae2","Tận Đáy Lòng Anh"
"607ed3d400d7ffa7c83cfae3","Đừng Như Người Dưng (New Version)"
"607ed3d400d7ffa7c83cfae4","Bất Chấp (Lofi Version)"
"607ed3d400d7ffa7c83cfae5","Không Dám Tin Vào Tình Yêu"
"607ed3d400d7ffa7c83cfae6","Sài Gòn Đau Lòng Quá (Cover)"
"607ed3d400d7ffa7c83cfae7","Cơn Mơ Băng Giá (Lofi Version)"
"607ed3d400d7ffa7c83cfae8","Sài Gòn Đau Lòng Quá Cover"
"607ed3d400d7ffa7c83cfae9","Ngàn Yêu Thương Về Đâu (Lofi Version)"
"607ed3d400d7ffa7c83cfaea","Còn Thương Người Cũ"
"607ed3d400d7ffa7c83cfaeb","Sinh Ra Đã Là Thứ Đối Lập Nhau (Lofi Version)"
"607ed3d400d7ffa7c83cfaec","Hôm Nay Em Cưới Rồi"
"607ed3d400d7ffa7c83cfaed","Sài Gòn Đau Lòng Quá (Piano Version)"
"607ed3d400d7ffa7c83cfaee","Em Là"
"607ed3d400d7ffa7c83cfaef","Chỉ Cần Anh"
"607ed3d400d7ffa7c83cfaf0","Chẳng Thể Nào Yêu Thương Mãi Còn"
"607ed3d400d7ffa7c83cfaf1","Mùa Nắng Vừa Qua (Lofi Version)"
"607ed3d400d7ffa7c83cfaf2","Bước Không Qua Nỗi Buồn"
"607ed3d400d7ffa7c83cfaf3","Đã Từng Như Thế"
"607ed3d400d7ffa7c83cfaf4","Người Ta Nói Anh Không Tốt"
"607ed3d400d7ffa7c83cfaf5","Vầng Trăng Khóc (Live Cover)"
"607ed3d400d7ffa7c83cfaf6","Càng Chờ Đợi Lại Càng Xa Xôi"
"607ed3d400d7ffa7c83cfaf7","Cô Độc Vương"
"607ed3d400d7ffa7c83cfaf8","Không Trân Trọng Người Thương (Lofi Version)"
"607ed3d400d7ffa7c83cfaf9","Càng Yêu Sâu Càng Nhớ Lâu"
"607ed3d400d7ffa7c83cfafa","Tự Mình Làm Mình Đau"
"607ed3d400d7ffa7c83cfafb","Em Say Rồi Cover"
"607ed3d400d7ffa7c83cfafc","Hồn Nhiên"
"607ed3d400d7ffa7c83cfafd","Alien"
"607ed3d400d7ffa7c83cfafe","Danh Phận"
"607ed3d400d7ffa7c83cfaff","Chàng Trai Thứ Ba"
"607ed3d400d7ffa7c83cfb00","Gặp Nhưng Không Ở Lại (Làn Sóng Xanh Party 2020)"
"607ed4233c94caa8f873c4e7","Đừng Bỏ Lại Anh"
"607ed4233c94caa8f873c4e8","Yêu Thầm (Live Performance)"
"607ed4233c94caa8f873c4e9","Nhạc Trẻ Remix 2021 Hay Nhất Hiện Nay - Edm Tik Tok Hhd Remix - Lk Nhạc Trẻ Remix Gây Nghiện Nhất"
"607ed4233c94caa8f873c4ea","Anh Không Như Người Ta"
"607ed4233c94caa8f873c4eb","Ngày Này Năm Trước"
"607ed4233c94caa8f873c4ec","Gặp Nhưng Không Ở Lại (Lofi Version)"
"607ed4233c94caa8f873c4ed","Biệt Khúc Chờ Nhau (Tân Dòng Sông Ly Biệt OST)"
"607ed4233c94caa8f873c4ee","Gửi Người Anh Yêu 2"
"607ed4233c94caa8f873c4ef","Dạ Lan Hương Tím"
"607ed4233c94caa8f873c4f0","Giờ Em Thế Nào"
"607ed4233c94caa8f873c4f1","Người Ra Đi Là Anh"
"607ed4233c94caa8f873c4f2","Ngày Chưa Giông Bão Cover"
"607ed4233c94caa8f873c4f3","Lựa Chọn Mai Sau"
"607ed4233c94caa8f873c4f4","Em Đã Khác Rồi "
"607ed4233c94caa8f873c4f5","Sau Một Người Đến Sau"
"607ed4233c94caa8f873c4f6","Chuyện Tình 7 Năm"
"607ed4233c94caa8f873c4f7","Khúc Dân Ca"
"607ed4233c94caa8f873c4f8","Sài Gòn Đau Lòng Quá (1967 Lofi Remix)"
"607ed4233c94caa8f873c4f9","Thắc Mắc"
"607ed4233c94caa8f873c4fa","Đến Khi Anh Ấy Trở Về"
"607ed4233c94caa8f873c4fb","Suốt Đời Không Xứng (Lofi Version)"
"607ed4233c94caa8f873c4fc","20 Mv Nhạc Trẻ Hay Nhất 2021 - Liên Khúc Nhạc Trẻ Buồn Tâm Trạng Hay Nhất 2021"
"607ed4233c94caa8f873c4fd","Em Và Những Ngày Yêu"
"607ed4233c94caa8f873c4fe","Đom Đóm (Sóng 2021)"
"607ed4d624592cab5d153757","Nghe Được Thì Nghe"
"607ed4d624592cab5d153758","Skyler Theme Song"
"607ed4d624592cab5d153759","Qua Tết Anh Ấm Rồi"
"607ed4d624592cab5d15375a","Nhạc Anh"
"607ed4d624592cab5d15375b","Anh Nói Cho Em Nghe Đi"
"607ed4d624592cab5d15375c","Chơi đê"
"607ed4d624592cab5d15375d","Chương 2 Của Tương Lai"
"607ed4d624592cab5d15375e","Dân Chơi Thôn"
"607ed4d624592cab5d15375f","Nhà Thì Phải Có Nóc"
"607ed4d624592cab5d153760","Aquaman"
"607ed4d624592cab5d153761","Tự Chọn"
"607ed4d624592cab5d153762","Năm Mới Bình An (Gala Nhạc Việt 15)"
"607ed4d624592cab5d153763","Chỉ Một Đêm Nữa Thôi (Live At 1900 Le Theatre)"
"607ed4d624592cab5d153764","Hoàn Hảo"
"607ed4d624592cab5d153765","Đêm Qua Em Say"
"607ed4d624592cab5d153766","Hà Nội Chill"
"607ed4d624592cab5d153767","Hiphop Saves My Life"
"607ed4d624592cab5d153768","Choido"
"607ed4d624592cab5d153769","Em Là Châu Báu"
"607ed4d624592cab5d15376a","Laviai (Tundra Beats Remix)"
"607ed4d624592cab5d15376b","Đích Tôn (Giọng Hát Việt Nhí New Generation 2021)"
"607ed4d624592cab5d15376c","Em Biết Mà"
"607ed535557d30acd7cda5a5","Vài Câu Nói"
"607ed535557d30acd7cda5a6","Mày Không Hiểu Được Đâu"
"607ed535557d30acd7cda5a7","Em Đâu Cần"
"607ed535557d30acd7cda5a8","Gọi Xuân"
"607ed535557d30acd7cda5a9","Chỉ Một Đêm Nữa Thôi (Demo)"
"607ed535557d30acd7cda5aa","6h Chill"
"607ed535557d30acd7cda5ab","Tình Đầu Là Dở Dang"
"607ed535557d30acd7cda5ac","Thế Giới Ảo"
"607ed535557d30acd7cda5ad","Đừng Tin Her"
"607ed535557d30acd7cda5ae","U Got Me Chìm Sâu (Demo)"
"607ed535557d30acd7cda5af","Yêu Là Gì?"
"607ed535557d30acd7cda5b0","Time Machine"
"607ed535557d30acd7cda5b1","Em Vẫn Muốn Chơi"
"607ed535557d30acd7cda5b2","Cả Ngàn Lời Chúc"
"607ed535557d30acd7cda5b3","Rain In Seven Part 2"
"607ed535557d30acd7cda5b4","Đêm Trong Veo"
"607ed535557d30acd7cda5b5","Lạc Nhau Cả Một Vùng Trời"
"607ed535557d30acd7cda5b6","Em Hàng Xóm"
"607ed535557d30acd7cda5b7","Hãy Ngồi Cùng Anh Đến Khi Ngày Tàn"
"607ed58ffd852eae792e31e2","Làm Ngay Hôm Nay"
"607ed58ffd852eae792e31e3","U Got Me Chìm Sâu (Demo)"
"607ed58ffd852eae792e31e4","Đêm Nay Không Ngủ"
"607ed58ffd852eae792e31e5","Gangsta Birthday"
"607ed58ffd852eae792e31e6","Don Quijote"
"607ed58ffd852eae792e31e7","Rap Về Thất Vũ Hải (One Piece)"
"607ed58ffd852eae792e31e8","Oh Ai Nói Hay"
"607ed58ffd852eae792e31e9","So Lit"
"607ed58ffd852eae792e31ea","Fall In Love"
"607ed58ffd852eae792e31eb","Free Fire Đại Chiến Rap Battle"
"607ed58ffd852eae792e31ec","Những Ngày Sau"
"607ed58ffd852eae792e31ed","Romantic"
"607ed5df4ef34ab07b52a89b","Don't Make It Too High"
"607ed5df4ef34ab07b52a89c","Thanh Xuân"
"607ed5df4ef34ab07b52a89d","Nàng Nhớ Chàng Mong"
"607ed5df4ef34ab07b52a89e","Sẽ Có Nhiều Khi"
"607ed5df4ef34ab07b52a89f","Rapitalitycypher (Live)"
"607ed5df4ef34ab07b52a8a0","Tình Bạn Diệu Kỳ (Tiki Drops Remix)"
"607ed5df4ef34ab07b52a8a1","WITH YOU"
"607ed5df4ef34ab07b52a8a2","Ai Đâu Hay"
"607ed5df4ef34ab07b52a8a3","No L / Chẳng Giống Giáng Sinh (Remake)"
"607ed5df4ef34ab07b52a8a4","MAX"
"607ed5df4ef34ab07b52a8a5","No L / Chẳng Giống Giáng Sinh"
"607ed5df4ef34ab07b52a8a6","Boomerang"
"607ed5df4ef34ab07b52a8a7","Đừng Tin Her (Tết Tân Thời)"
"607ed5df4ef34ab07b52a8a8","Một Thằng Bạn Chí Cốt"
"607ed5df4ef34ab07b52a8a9","Lỡ Yêu"
"607ed5df4ef34ab07b52a8aa","Courtside Love (The Half Story)"
"607ed5df4ef34ab07b52a8ab","Thiên Đàng (Demo 2013)"
"607ed5df4ef34ab07b52a8ac","Thiên Đàng (Acoustic Special Version)"
"607ed7428d798db5b20ad2ab","Empty"
"607ed7428d798db5b20ad2ac","Savage Love (Laxed - Siren Beat)"
"607ed7428d798db5b20ad2ad","Don't Sleep"
"607ed7428d798db5b20ad2ae","Yellow Lights"
"607ed7428d798db5b20ad2af","Champagne Problems"
"607ed7428d798db5b20ad2b0","Plastic Hearts"
"607ed7428d798db5b20ad2b1","Swimming In The Stars"
"607ed7428d798db5b20ad2b2","‘tis The Damn Season"
"607ed7428d798db5b20ad2b3","Outside"
"607ed7428d798db5b20ad2b4","It’s Time To Go (Bonus Track)"
"607ed7428d798db5b20ad2b5","WANNABE (English Ver.)"
"607ed7428d798db5b20ad2b6","My Future"
"607ed7428d798db5b20ad2b7","Need Someone"
"607ed7428d798db5b20ad2b8","Cut It Off"
"607ed7428d798db5b20ad2b9","All I Want"
"607ed7428d798db5b20ad2ba","Right Where You Left Me (Bonus Track)"
"607ed7428d798db5b20ad2bb","911"
"607ed7428d798db5b20ad2bc","I Need Love"
"607ed7428d798db5b20ad2bd","Sweet Melody"
"607ed7428d798db5b20ad2be","Right Here"
"607ed7428d798db5b20ad2bf","Fff"
"607ed7428d798db5b20ad2c0","DALLA DALLA (English Ver.)"
"607ed7428d798db5b20ad2c1","Stick With You"
"607ed7428d798db5b20ad2c2","Planet E (Bonus Track)"
"607ed7428d798db5b20ad2c3","Daisies"
"607ed7428d798db5b20ad2c4","Dream Of You"
"607ed7428d798db5b20ad2c5","ICY (English Ver.)"
"607ed7428d798db5b20ad2c6","Titans"
"607ed7bb47c13fb6fa1e543f","Do You Believe"
"607ed7bb47c13fb6fa1e5440","Gold Rush"
"607ed7bb47c13fb6fa1e5441","Close To You"
"607ed7bb47c13fb6fa1e5442","Let Me Reintroduce Myself"
"607ed7bb47c13fb6fa1e5443","Past Life"
"607ed7bb47c13fb6fa1e5444","Tolerate It"
"607ed7bb47c13fb6fa1e5445","Closure"
"607ed7bb47c13fb6fa1e5446","Cowboy Like Me"
"607ed7bb47c13fb6fa1e5447","No Promises"
"607ed7bb47c13fb6fa1e5448","Ivy"
"607ed7bb47c13fb6fa1e5449","Long Story Short"
"607ed7bb47c13fb6fa1e544a","Pieces"
"607ed7bb47c13fb6fa1e544b","Happiness"
"607ed7bb47c13fb6fa1e544c","X"
"607ed7bb47c13fb6fa1e544d","Dorothea"
"607ed7bb47c13fb6fa1e544e","Coney Island"
"607ed7bb47c13fb6fa1e544f","Don't Call Me Angel (Charlie's Angels)"
"607ed7bb47c13fb6fa1e5450","Marjorie"
"607ed7bb47c13fb6fa1e5451","Shallows"
"607ed7bb47c13fb6fa1e5452","Sleepy Hollow"
"607ed7bb47c13fb6fa1e5453","Floating (Filous Remix)"
"607ed7bb47c13fb6fa1e5454","Zombie (Live From The Niva Save Our Stages Festival)"
"607ed81f348826b7c4ecfc1f","Ball Of Light"
"607ed81f348826b7c4ecfc20","Lose You Now"
"607ed81f348826b7c4ecfc21","Calamity"
"607ed81f348826b7c4ecfc22","Summer Feelings"
"607ed81f348826b7c4ecfc23","Wow"
"607ed81f348826b7c4ecfc24","Power"
"607ed81f348826b7c4ecfc25","Lonely"
"607ed81f348826b7c4ecfc26","Be Okay"
"607ed81f348826b7c4ecfc27","High"
"607ed81f348826b7c4ecfc28","Better Days"
"607ed81f348826b7c4ecfc29","Cover Me In Sunshine"
"607ed81f348826b7c4ecfc2a","Baby, You Make Me Crazy (Acoustic)"
"607ed81f348826b7c4ecfc2b","Coming Over"
"607ed81f348826b7c4ecfc2c","Edge Of Midnight (Midnight Sky Remix)"
"607ed81f348826b7c4ecfc2d","Slow Grenade"
"607ed81f348826b7c4ecfc2e","Hate You + Love You"
"607ed81f348826b7c4ecfc2f","Wow (Remix)"
"607ed81f348826b7c4ecfc30","Effortlessly"
"607ed81f348826b7c4ecfc31","This Is What They Say"
"607ed81f348826b7c4ecfc32","Sweat"
"607ed81f348826b7c4ecfc33","Out Here On My Own (2000)"
"607ed8c27e01b9ba3ffb50b1","Enigma"
"607ed8c27e01b9ba3ffb50b2","Mr.saxobeat (slowed Reverb)"
"607ed8c27e01b9ba3ffb50b3","Everything Happens For A Reason"
"607ed8c27e01b9ba3ffb50b4","Double Knot (English Version)"
"607ed8c27e01b9ba3ffb50b5","Cardigan (Cabin in Candlelight)"
"607ed8c27e01b9ba3ffb50b6","Golden G String"
"607ed8c27e01b9ba3ffb50b7","Overture ""Little Mariah's"" Theme"
"607ed8c27e01b9ba3ffb50b8","Jade"
"607ed8c27e01b9ba3ffb50b9","Sour Times"
"607ed8c27e01b9ba3ffb50ba","Babylon"
"607ed8c27e01b9ba3ffb50bb","Bad Karma"
"607ed8c27e01b9ba3ffb50bc","My Heart"
"607ed8c27e01b9ba3ffb50bd","Hate Me"
"607ed8c27e01b9ba3ffb50be","willow (original songwriting demo)"
"607ed8c27e01b9ba3ffb50bf","React"
"607ed931d38a26bb8349e1b6","Coney Island"
"607ed931d38a26bb8349e1b7","Monsters"
"607ed931d38a26bb8349e1b8","Wasted Nights"
"607ed931d38a26bb8349e1b9","Burn Me To The Ground (Arknights OST)"
"607ed931d38a26bb8349e1ba","You Are The Champion"
"607ed931d38a26bb8349e1bb","Living In A Ghost Town"
"607ed9b7840d90be155eb75f","I'm Happy Just To Dance With You"
"607ed9b7840d90be155eb760","I’d Rather Lose"
"607ed9b7840d90be155eb761","If That'S What It Takes"
"607ed9b7840d90be155eb762","At The Door"
"607ed9b7840d90be155eb763","Save A Little For Yourself"
"607ed9b7840d90be155eb764","Stories Reminding Myself Of Me"
"607ed9b7840d90be155eb765","Fifteen"
"607ed9b7840d90be155eb766","Teenagers (Vocals Only)"
"607ed9b7840d90be155eb767","Easy Target"
"607ed9b7840d90be155eb768","Welcome To My Life (Version Acapella)"
"607ed9b7840d90be155eb769","Brooklyn Bridge To Chorus"
"607eda4ed5c1a5bf30ed193c","Silver Landings"
"607eda4ed5c1a5bf30ed193d","It's A Raid"
"607eda4ed5c1a5bf30ed193e","Loving You"
"607eda4ed5c1a5bf30ed193f","Murder Most Foul"
"607eda4ed5c1a5bf30ed1940","Forgiveness"
"607eda4ed5c1a5bf30ed1941","Tryin' My Best, Los Angeles"
"607eda4ed5c1a5bf30ed1942","Welcome To The Black Parade (Bass Only)"
"607eda4ed5c1a5bf30ed1943","Bad Decisions"
"607eda4ed5c1a5bf30ed1944","Welcome To The Black Parade (Vocals Only)"
"607eda4ed5c1a5bf30ed1945","Still Loving You (Live At Peters Popshow 1985)"
"607eda4ed5c1a5bf30ed1946","Surrender"
"607eda4ed5c1a5bf30ed1947","(Now and Then There's) A Fool Such as I"
"607eda4ed5c1a5bf30ed1948","Color Me"
"607eda4ed5c1a5bf30ed1949","All Eyes on You"
"607edaaf1f52b2c0b418a0a4","Dead Girl!"
"607edaaf1f52b2c0b418a0a5","Gone Are The Days"
"607edaaf1f52b2c0b418a0a6","Don't Look Back"
"607edaaf1f52b2c0b418a0a7","Darkside (LUM!X Remix)"
"607edaaf1f52b2c0b418a0a8","If You Love Me"
"607edaaf1f52b2c0b418a0a9","Alone Pt. II (Jack Benjamin Remix)"
"607edaaf1f52b2c0b418a0aa","Set Fire To The Rain (Albert Vishi Remix)"
"607edaaf1f52b2c0b418a0ab","Shadow"
"607edaaf1f52b2c0b418a0ac","Gentle Times Full"
"607edaaf1f52b2c0b418a0ad","Rain City (2min Full Mix)"
"607edaaf1f52b2c0b418a0ae","Pinball"
"607edaaf1f52b2c0b418a0af","The Business (Robert Cristian Remix)"
"607edaaf1f52b2c0b418a0b0","No Rest"
"607edaaf1f52b2c0b418a0b1","Legends Never Die (Instrumental Remix)"
"607edaaf1f52b2c0b418a0b2","Around The World"
"607edaaf1f52b2c0b418a0b3","Fool For Ya"
"607edaaf1f52b2c0b418a0b4","New Americana (NORTH26 Bootleg)"
"607edb08aa2f1ec161bc49be","Yellow Way (SWOG Mashup)"
"607edb08aa2f1ec161bc49bf","On My Way (Alan Walker Style Instrumental Remix)"
"607edb08aa2f1ec161bc49c0","Alone Pt. II (Jack Benjamin Instrumental Remix)"
"607edb08aa2f1ec161bc49c1","Alone Pt. II (Jack Benjamin Instrumental Remix)"
"607edb08aa2f1ec161bc49c2","Peaches (Veggi Remix)"
"607edb08aa2f1ec161bc49c3","Que Calor (Extended Mix)"
"607edb08aa2f1ec161bc49c4","Midnight Lion Walk"
"607edb08aa2f1ec161bc49c5","Heading Home (New 2021 Remake)"
"607edb08aa2f1ec161bc49c6","Fake A Smile (Jack Benjamin Remix)"
"607edb08aa2f1ec161bc49c7","Best Trap Mix 2020 Trap &amp; Rap Music Trap • Rap • G-house Bass"
"607edb08aa2f1ec161bc49c8","200 MPH (PMP Remix)"
"607edb08aa2f1ec161bc49c9","Fake A Smile (Jack Benjamin Instrumental Remix)"
"607edb08aa2f1ec161bc49ca","Harmonica Andromeda"
"607edb08aa2f1ec161bc49cb","On My Way (Tobey Instrumental Remix)"
"607edb08aa2f1ec161bc49cc","Lies (Original Mix)"
"607edb08aa2f1ec161bc49cd","What I've Done (Norda Remix)"
"607edb08aa2f1ec161bc49ce","One Love"
"607edb08aa2f1ec161bc49cf","Be The Legend"
"607edb08aa2f1ec161bc49d0","Blood In The Water"
"607edb08aa2f1ec161bc49d1","Jungle Pump (SWOG Mashup)"
"607edb08aa2f1ec161bc49d2","Dancing On Dangerous"
"607edb53505650c22b5278f6","Pickle"
"607edb53505650c22b5278f7","Gucci Louis"
"607edb53505650c22b5278f8","G-house Mix Car Music Mix Best Remix Of Popular Songs"
"607edb53505650c22b5278f9","Around The World (Original Mix)"
"607edb53505650c22b5278fa","Stronger (Micky Remix)"
"607edb53505650c22b5278fb","Bird Song"
"607edb53505650c22b5278fc","ID Trap &amp; Trance"
"607edb53505650c22b5278fd","Back It Up"
"607edb53505650c22b5278fe","Stay Mine"
"607edb53505650c22b5278ff","Red Dot"
"607edb53505650c22b527900","Kill Me"
"607edb53505650c22b527901","G-house Mix  Best Car Music  Bass House Mix"
"607edb53505650c22b527902","South Fuji (SWOG Mashup)"
"607edb53505650c22b527903","Whiplash"
"607edb53505650c22b527904","The Business (Extended Mix)"
"607edb53505650c22b527905","Flooded"
"607edc0f87fc18c3b910597d","I Will Be A Lion"
"607edc0f87fc18c3b910597e","Blue (Scott Rill Remix)"
"607edc0f87fc18c3b910597f","Different World (NIVIRO Remix) (Remake Alpha Version)"
"607edc0f87fc18c3b9105980","The Business Pt.II"
"607edc0f87fc18c3b9105981","Happy Together"
"607edc0f87fc18c3b9105982","Believe"
"607edc0f87fc18c3b9105983","Gangster Trap &amp; House Mix Best Trap &amp; G-house Music Trap • Rap • Hip Hop &amp; House"
"607edc0f87fc18c3b9105984","G-house Mix Best Car Music Bass House Mix"
"607edc0f87fc18c3b9105985","G-house Mix Best Car Music Bass House Mix"
"607edc0f87fc18c3b9105986","Gypsy Waltz"
"607edc0f87fc18c3b9105987","Worth It (Jordan Cambie Bootleg)"
"607edc0f87fc18c3b9105988","8-bit"
"607edd2f54b713c75bb917ba","Runnin"
"607edde8f6b45dc95a3c23da","Zuccenberg"
"607ee05f082c67cf59725aa5","What A Wonderful World (Live)"
"607ee0b5524c75d070662c4a","In The Hall Of The Mountain King"
"607ee2590a3d35d48c149efd","Old Town Road (Diplo Remix)"
"607ee2590a3d35d48c149efe","This is Us"
"607ee2590a3d35d48c149eff","Tequila Does"
"607ee2590a3d35d48c149f00","Dance With Me"
"607ee2590a3d35d48c149f01","Hometown"
"607ee2590a3d35d48c149f02","Heartless"
"607ee2590a3d35d48c149f03","God Whispered Your Name"
"607ee2590a3d35d48c149f04","Heartless"
"607ee2590a3d35d48c149f05","Shallow (A Star Is Born)"
"607ee2590a3d35d48c149f06","Heartbreak"
"607ee2ae3444c3d576dee54b","Real Life Stuff"
"607ee2ae3444c3d576dee54c","Mansion"
"607ee2ae3444c3d576dee54d","Mess with My Head"
"607ee2fdc20419d678f0c107","Today (Album Version)"
"607ee2fdc20419d678f0c108","Do Si Do"
"607ee2fdc20419d678f0c109","Heartless"
"607ee2fdc20419d678f0c10a","Lonely"
"607ee2fdc20419d678f0c10b","Does To Me"
"607ee2fdc20419d678f0c10c","Yesterday When I Was Young (Hier Encore)"
"607ee2fdc20419d678f0c10d","Let It Be Love"
"607ee2fdc20419d678f0c10e","How Dare You Love"
"607ee2fdc20419d678f0c10f","You Can Do You"
"607ee33efb11dcd77afcc7be","Track Record"
"607ee33efb11dcd77afcc7bf","Fire Escape"
"607ee33efb11dcd77afcc7c0","Settling Down"
"607ee3fa586a26dad20e4ab9","Hips Don't Lie (El Dorado World Tour Live)"
"607ee3fa586a26dad20e4aba","Perro Fiel/El Perdón Medley (El Dorado World Tour Live)"
"607ee3fa586a26dad20e4abb","La La La (Brasil 2014)/Waka Waka (This Time for Africa) Medley (El Dorado World Tour Live)"
"607ee3fa586a26dad20e4abc","La Bicicleta (El Dorado World Tour Live)"
"607ee3fa586a26dad20e4abd","Antologia (El Dorado World Tour Live)"
"607ee3fa586a26dad20e4abe","Chantaje (El Dorado World Tour Live)"
"607ee3fa586a26dad20e4abf","Si Me Dices Que Sí"
"607ee3fa586a26dad20e4ac0","Estoy Aquí/Dónde Estás Corazón Medley (El Dorado World Tour Live)"
"607ee3fa586a26dad20e4ac1","Tú (El Dorado World Tour Live)"
"607ee3fa586a26dad20e4ac2","Si Me Dices Que Sí (R3HAB Remix)"
"607ee3fa586a26dad20e4ac3","Toneladas (El Dorado World Tour Live)"
"607ee3fa586a26dad20e4ac4","Loca/Rabiosa Medley (El Dorado World Tour Live)"
"607ee3fa586a26dad20e4ac5","Me Enamoré (El Dorado World Tour Live)"
"607ee3fa586a26dad20e4ac6","She Wolf (El Dorado World Tour Live)"
"607ee520ef4f29dd9a03fa35","Paranoia"
"607ee520ef4f29dd9a03fa36","Only"
"607ee520ef4f29dd9a03fa37","Above The Clouds"
"607ee520ef4f29dd9a03fa38","Healer"
"607ee520ef4f29dd9a03fa39","Cry For Me"
"607ee520ef4f29dd9a03fa3a","My Sea"
"607ee520ef4f29dd9a03fa3b","One"
"607ee520ef4f29dd9a03fa3c","Digital"
"607ee520ef4f29dd9a03fa3d","Don't Call Me"
"607ee520ef4f29dd9a03fa3e","House Party"
"607ee520ef4f29dd9a03fa3f","Burn The Floor"
"607ee520ef4f29dd9a03fa40","So Let's Love"
"607ee520ef4f29dd9a03fa41","Blue Side"
"607ee520ef4f29dd9a03fa42","Atlantis"
"607ee520ef4f29dd9a03fa43","Panorama"
"607ee520ef4f29dd9a03fa44","Love Day 2021 (Romance 101 X Yang Yoseop, Jeong Eun Ji)"
"607ee520ef4f29dd9a03fa45","Bang Bang Bang (Remix Tiktok 2021)"
"607ee520ef4f29dd9a03fa46","Magnetic"
"607ee520ef4f29dd9a03fa47","Save U"
"607ee520ef4f29dd9a03fa48","Misunderstood"
"607ee520ef4f29dd9a03fa49","Love Scene"
"607ee520ef4f29dd9a03fa4a","Why Don’t We"
"607ee520ef4f29dd9a03fa4b","Warning"
"607ee520ef4f29dd9a03fa4c","Going Dumb"
"607ee520ef4f29dd9a03fa4d","Solo (New Rap 2021 Remix)"
"607ee520ef4f29dd9a03fa4e","Midnight"
"607ee520ef4f29dd9a03fa4f","Do Re Mi Fa Sol"
"607ee520ef4f29dd9a03fa50","Why Isn't Love Always Easy?"
"607ee57f70e297dea675b0b6","All I Got"
"607ee57f70e297dea675b0b7","One"
"607ee57f70e297dea675b0b8","Privacy"
"607ee57f70e297dea675b0b9","Break Your Box (The Box OST)"
"607ee57f70e297dea675b0ba","Zero:Attitude"
"607ee57f70e297dea675b0bb","What The Flower"
"607ee57f70e297dea675b0bc","Just Hug Me"
"607ee57f70e297dea675b0bd","On The Ground (Cabuizee &amp; Memorej Remix)"
"607ee57f70e297dea675b0be","Last Dance"
"607ee57f70e297dea675b0bf","Interview"
"607ee57f70e297dea675b0c0","Area"
"607ee57f70e297dea675b0c1","On The Ground (D3VOK Remix)"
"607ee57f70e297dea675b0c2","Don't Look Back"
"607ee57f70e297dea675b0c3","D-D-DANCE"
"607ee57f70e297dea675b0c4","Coffee"
"607ee57f70e297dea675b0c5","Dear You (Romance 101 X Lee Hi)"
"607ee5d80a4b83df6e2fa94e","How You Like That (CBznar Remix)"
"607ee5d80a4b83df6e2fa94f","Back Door"
"607ee5d80a4b83df6e2fa950","At Night"
"607ee5d80a4b83df6e2fa951","Yalla"
"607ee5d80a4b83df6e2fa952","My Last Love (In Paradisum) (Sisyphus: The Myth OST)"
"607ee5d80a4b83df6e2fa953","Rewind"
"607ee5d80a4b83df6e2fa954","More Days With You"
"607ee5d80a4b83df6e2fa955","Call U Up"
"607ee5d80a4b83df6e2fa956","Hanryang"
"607ee5d80a4b83df6e2fa957","Tomorrow"
"607ee5d80a4b83df6e2fa958","Switch To Me"
"607ee5d80a4b83df6e2fa959","90's Love"
"607ee5d80a4b83df6e2fa95a","3!4!"
"607ee5d80a4b83df6e2fa95b","Amusement Park"
"607ee5d80a4b83df6e2fa95c","Bad Girl"
"607ee5d80a4b83df6e2fa95d","Closer"
"607ee5d80a4b83df6e2fa95e","Full Moon (Sunmi Cover)"
"607ee5d80a4b83df6e2fa95f","Amazing You"
"607ee5d80a4b83df6e2fa960","To My One And Only You (Mr. Queen Ost)        "
"607ee5d80a4b83df6e2fa961","My Day (Navillera OST)"
"607ee5d80a4b83df6e2fa962","What Do I Call You"
"607ee5d80a4b83df6e2fa963","Super"
"607ee5d80a4b83df6e2fa964","Raining Spell For Love (Remake Version)"
"607ee5d80a4b83df6e2fa965","No Blueberries"
"607ee63ae9feaae0a608a83e","Fiesta (Live Band)"
"607ee63ae9feaae0a608a83f","Mysterious (Man To Man OST)"
"607ee63ae9feaae0a608a840","Breath"
"607ee63ae9feaae0a608a841","Secret Story Of The Swan - Panorama (Live At 2020 SBS Gayo Daejeon In Daegu)"
"607ee63ae9feaae0a608a842","Days And Years"
"607ee63ae9feaae0a608a843","Paradox"
"607ee63ae9feaae0a608a844","Snow Flower"
"607ee63ae9feaae0a608a845","Doll"
"607ee63ae9feaae0a608a846","Summeride"
"607ee63ae9feaae0a608a847","Can't Love You Anymore"
"607ee63ae9feaae0a608a848","Into The New World (Live)"
"607ee63ae9feaae0a608a849","Mystery"
"607ee63ae9feaae0a608a84a","Tell Me Baby"
"607ee63ae9feaae0a608a84b","Winter Flower"
"607ee63ae9feaae0a608a84c","La Vie En Rose (2018 MAMA Version)"
"607ee63ae9feaae0a608a84d","Secret Story Of The Swan Intro Panorama Award Perf Concept"
"607ee63ae9feaae0a608a84e","Pink Blusher (Concert Version)"
"607ee63ae9feaae0a608a84f","Last Piece"
"607ee63ae9feaae0a608a850","I Love You (Piano Version)"
"607ee63ae9feaae0a608a851","Life Goes On Cover"
"607ee63ae9feaae0a608a852","To The Moon"
"607ee63ae9feaae0a608a853","Good Girl"
"607ee63ae9feaae0a608a854","Don’t Give A What"
"607ee6ae20c983e2680d668e","Vô Đề / 无题 (Sơn Hà Lệnh / Thiên Nhai Khách OST)"
"607ee6ae20c983e2680d668f","Bích / 壁 (Sáng Tạo Doanh 2021)"
"607ee6ae20c983e2680d6690","Phong Vãn / 风晚"
"607ee6ae20c983e2680d6691","Kén / 茧 (Trường Ca Hành OST)"
"607ee6ae20c983e2680d6692","Joker (Sáng Tạo Doanh 2021)"
"607ee6ae20c983e2680d6693","Lover Boy 88 ( Sáng Tạo Doanh 2021)"
"607ee6ae20c983e2680d6694","Therefore I Am (Sáng Tạo Doanh 2021)"
"607ee6ae20c983e2680d6695","Cẩm Thư Lai / 锦书来 (Sơn Hà Lệnh Ost)"
"607ee6ae20c983e2680d6696","Cô Gái / 女孩 (Sáng Tạo Doanh 2021)"
"607ee6ae20c983e2680d6697","Hoa Nguyện / 花愿  (Cẩm Tâm Tựa Ngọc Ost)"
"607ee714816ef4e320b30e1e","Lit / 莲 (Sáng Tạo Doanh 2021)"
"607ee714816ef4e320b30e1f","Thiên Vấn / 天问 Cover"
"607ee714816ef4e320b30e20","Vệ Tinh XL / 卫星XL (Sáng Tạo Doanh 2021)"
"607ee714816ef4e320b30e21","Yêu, Tồn Tại / 爱, 存在 (Thanh Xuân Có Bạn 3)"
"607ee714816ef4e320b30e22","Thời Gian Đi Đâu Mất Rồi / 时间都去哪儿了 (Thanh Xuân Có Bạn 3)"
"607ee714816ef4e320b30e23","Lén Lút / 偷偷 (Team B) (Thanh Xuân Có Bạn 3)"
"607ee714816ef4e320b30e24","Stop Sugar (Team B) (Thanh Xuân Có Bạn 3)"
"607ee714816ef4e320b30e25","Quản Gì Cậu / 我管你 ( Sáng Tạo Doanh 2021)"
"607ee714816ef4e320b30e26","Cinderella (Thanh Xuân Có Bạn 3)"
"607ee714816ef4e320b30e27","Yến Vũ Điệp / 燕尾蝶 (Thanh Xuân Có Bạn 3)"
"607ee714816ef4e320b30e28","Nếu Không Phải Là Anh / 如果不是你 (Thanh Xuân Có Bạn 3)"
"607ee714816ef4e320b30e29","Sức Mạnh Của Sự Trưởng Thành / 成长之重量 (Thanh Xuân Có Bạn 3)"
"607ee714816ef4e320b30e2a","Yummy (Sáng Tạo Doanh 2021)"
"607ee714816ef4e320b30e2b","Stop Sugar (Team A) (Thanh Xuân Có Bạn 3)"
"607ee714816ef4e320b30e2c","Giống Loài Mới / 新物种 (Thanh Xuân Có Bạn 3)"
"607ee7b15d376de43e55033b","Nước Mắt Thiếu Niên (Đấu Phá Thương Khung OST)"
"607ee7b15d376de43e55033c","Lovebird / 爱情鸟 (Sáng Tạo Doanh 2021)"
"607ee7b15d376de43e55033d","Thiên Hạ / 天下 (Sáng Tạo Doanh 2021)"
"607ee7b15d376de43e55033e","Dream (Sáng Tạo Doanh 2021)"
"607ee7b15d376de43e55033f","Chuang To-Gather, Go! / 我们一起闯 (Live) (Chuang 2021)"
"607ee7b15d376de43e550340","Phá Kén / 破茧 (Sáng Tạo Doanh 2021)"
"607ee7b15d376de43e550341","Kick It / 英雄 (Thanh Xuân Có Bạn 3)"
"607ee7b15d376de43e550342","Đã Yêu Rồi / 爱上了 (Em Là Thành Trì Doanh Lũy Của Anh Ost)"
"607ee7b15d376de43e550343","Okay (Team A) (Thanh Xuân Có Bạn 3)"
"607ee7b15d376de43e550344","Lén Lút / 偷偷 (Team A) (Thanh Xuân Có Bạn 3)"
"607ee7b15d376de43e550345","History (Team A) (Thanh Xuân Có Bạn 3)"
"607ee7b15d376de43e550346","Lực Hút Trái Tim / 心引力 (Thanh Xuân Có Bạn 3)"
"607ee7b15d376de43e550347","Sunny Rainbow White Horse (Thanh Xuân Có Bạn 3)"
"607ee7b15d376de43e550348","Mưa Tình Yêu / 雨爱 (Thanh Xuân Có Bạn 3)"
"607ee7b15d376de43e550349","Mỗi Ngày / 天天 (Thanh Xuân Có Bạn 3)"
"607ee7b15d376de43e55034a","Chúng Ta Cùng Nhau Xông Lên / 我们一起闯 (Sáng Tạo Doanh 2021)"
"607ee7b15d376de43e55034b","Không Thể Không Yêu / 不得不爱 (Thanh Xuân Có Bạn 3)"
"607ee7b15d376de43e55034c","Hãy Để Tôi Ở Bên Cạnh Em / 让我留在你身边 (Thanh Xuân Có Bạn 3)"
"60a0e102993e997384e61002","Chinoiserie (Chinese Dance)"
"60a0e102993e997384e61003","The Volga Vouty  (Russian Dance)"
"60a0e102993e997384e61004","Entr'acte"
"60a0e102993e997384e61005","Sugar Rum Cherry (Dance of the Sugar-Plum Fairy)"
"60a0e102993e997384e61006","Peanut Brittle Brigade (March)"
"60a0e102993e997384e61007","Toot Toot Tootie Toot (Dance of the Reed-Pipes)"
"60a0e102993e997384e61008","Overture"
"60a0e24b0d4dcf7a24e4aca4","Lining Hymn"
"60a0e24b0d4dcf7a24e4aca5","Solvejg's Song"
"60a0e24b0d4dcf7a24e4aca6","Ase's Death"
"60a0e24b0d4dcf7a24e4aca7","Anitra's Dance"
"60a0e24b0d4dcf7a24e4aca8","Misfit Blues"
"60a0e24b0d4dcf7a24e4aca9","Danse of the Floreadores  (Waltz of the Flowers)"
"60a0e24b0d4dcf7a24e4acaa","Arabesque Cookie (Arabian Dance)"
"60a0e24b0d4dcf7a24e4acab","Morning Mood"
"60a0e24b0d4dcf7a24e4acad","Schwiphti"
"60a0e24b0d4dcf7a24e4acae","Zweet Zurzday"
"60a0e24b0d4dcf7a24e4acaf","Lay-By"
"60a0eab5f01eeba1a646fbf1","You Already Know"
"60a0eab5f01eeba1a646fbf2","Castle (Live)"
"60a0eab5f01eeba1a646fbf3","Coming Down (Live)"
"60a0eab5f01eeba1a646fbf4","Culture War"
"60a0eab5f01eeba1a646fbf5","Apocrypha"
"60a0eb148e37d1a3da0afae2","All My Friends Are Falling In Love"
"60a0eb148e37d1a3da0afae3","Your Girl (3 Years)"
"60a0ec7b07b7ecadb396f57c","Rabbit's Revenge (Instrumental)"
"60a0ec7b07b7ecadb396f57d","How Long (Instrumental)"
"60a0ec7b07b7ecadb396f57e","Peter Pan (Equiknoxx Music Remix)"
"60a0ec7b07b7ecadb396f57f","Rabbit's Revenge"
"60a0ec7b07b7ecadb396f580","Supersymmetry"
"60a0ec7b07b7ecadb396f581","Afterlife"
"60a0ec7b07b7ecadb396f582","Reflektor"
"60a0ec7b07b7ecadb396f583","We Exist"
"60a0ec7b07b7ecadb396f584","Flashbulb Eyes"
"60a0ec7b07b7ecadb396f585","Get Right"
"60a0ec7b07b7ecadb396f586","Crucified Again"
"60a0ec7b07b7ecadb396f587","Here Comes the Night Time II"
"60a0ec7b07b7ecadb396f588","Awful Sound (Oh Eurydice)"
"60a0ec7b07b7ecadb396f589","It's Never Over (Hey Orpheus)"
"60a0ec7b07b7ecadb396f58a","Porno"
"60a0ec7b07b7ecadb396f58b","Here Comes the Night Time"
"60a0ec7b07b7ecadb396f58c","Normal Person"
"60a0ec7b07b7ecadb396f58d","You Already Know"
"60a0ec7b07b7ecadb396f58e","Joan of Arc"
"60a0edafcf19eab2ad7c8719","Mùa Hè Đến"
"60a0edafcf19eab2ad7c871a","Nhà Trẻ Của Em"
"60a0edafcf19eab2ad7c871b","Em Tập Lái Ô Tô"
"60a0edafcf19eab2ad7c871c","Em Yêu Hà Nội"
"60a0edafcf19eab2ad7c871d","Cô Giáo Miền Xuôi"
"60a0edafcf19eab2ad7c871e","Đến Trường"
"60a0edafcf19eab2ad7c871f","Khúc Hát Dạo Chơi"
"60a0edafcf19eab2ad7c8720","Hè Về"
"60a0ef445a3567b91d35feec","Tiếng Gà Gáy Sáng"
"60a0ef445a3567b91d35feed","Nghe Vẻ Vè Ve"
"60a0ef445a3567b91d35feee","Con Còng Con Cua"
"60a0ef445a3567b91d35feef","Bánh Tráng Tròn Quay"
"60a0ef445a3567b91d35fef0","Hè Về Vui Sao"
"60a0ef445a3567b91d35fef1","Lớp Một Của Em"
"60a0ef445a3567b91d35fef2","Đường Và Chân"
"60a0ef445a3567b91d35fef3","Con Heo Đất Remix"
"60a0ef445a3567b91d35fef4","Vào Rừng Hoa"
"60a0ef445a3567b91d35fef5","The Finger Family"
"60a0efe328beebbc24003392","LK Bolero"
"60a0efe328beebbc24003393","Bởi Tin Lời Thề 2 Cover"
"60a0efe328beebbc24003394","Lá Xa Lìa Cành Cover"
"60a0efe328beebbc24003395","Yêu Nhầm Người Cover"
"60a0efe328beebbc24003396","Thà Em Đừng Yêu Tôi Cover"
"60a0efe328beebbc24003397","Chiều Thu Họa Bóng Nàng Cover"
"60a0efe328beebbc24003398","Xa Muôn Trùng Mây Cover"
"60a0efe328beebbc24003399","Tôi Sẽ Không Yêu Cover"
"60a0efe328beebbc2400339a","Dòng Thời Gian Cover"
"60a0efe328beebbc2400339b","Ngày Chưa Giông Bão Cover"
"60a0efe328beebbc2400339c","Cô Độc Vương Cover"
"60a0efe328beebbc2400339d","Bước Qua Đời Nhau Cover"
"60a0f0481f9ccabdcdbb51b3","Lại Nhớ Người Yêu Cover"
"60a0f0481f9ccabdcdbb51b4","Đường Quyền Tình Yêu Cover"
"60a0f0481f9ccabdcdbb51b5","Ký Túc Xá Chiều Mưa Cover"
"60a0f0481f9ccabdcdbb51b6","Từ Cửu Môn Hồi Ức Cover"
"60a0f0481f9ccabdcdbb51b7","Hỏi Thăm Nhau Cover"
"60a0f0481f9ccabdcdbb51b8","Đường Tình Đôi Ngã Cover"
"60a0f0481f9ccabdcdbb51b9","Người Phản Bội Cover"
"60a0f0481f9ccabdcdbb51ba","Cô Đơn Sẽ Tốt Hơn Cover"
"60a0f0481f9ccabdcdbb51bb","Anh Nhớ Em Vô Cùng Cover"
"60a0f0481f9ccabdcdbb51bc","Covid Nhanh Đi Đi Cover"
"60a0f0481f9ccabdcdbb51bd","Ép Duyên Cover"
"60a0f0d771b2b5bf6fa9fc93","Sweet Vibez A"
"60a0f0d771b2b5bf6fa9fc94","Để Tang Quá Khứ (Piano Version)"
"60a0f0d771b2b5bf6fa9fc95","Zavodila"
"60a0f0d771b2b5bf6fa9fc97","Dòng Sông Buồn (Piano Version)"
"60a0f0d771b2b5bf6fa9fc98","Hạnh Phúc Là Điều Giản Dị (Piano Version)"
"60a0f0d771b2b5bf6fa9fc99","Ngày Hạnh Phúc (Piano Version)"
"60a0f0d771b2b5bf6fa9fc9b","Hãy Cho Anh Bên Em (Piano Version)"
"60a0f0d771b2b5bf6fa9fc9c","Hình Bóng Em 1 (Piano Version)"
"60a0f0d771b2b5bf6fa9fc9d","Nỗi Nhớ Phương Xa (Piano Version)"
"60a0f0d771b2b5bf6fa9fc9e","Hình Bóng Em 2 (Piano Version)"
"60a0f0d771b2b5bf6fa9fc9f","Sân Ga Buồn (Piano Version)"
"60a0f0d771b2b5bf6fa9fca0","Nhiều Lúc (Piano Version)"
"60a0f0d771b2b5bf6fa9fca1","Yêu Cô Bạn Thân (Piano Version)"
"60a0f0d771b2b5bf6fa9fca2","Tình Yêu Và Nỗi Nhớ (Piano Version)"
"60a0f0d771b2b5bf6fa9fca3","Người Tình Phụ (Piano Version)"
"60a0f0d771b2b5bf6fa9fca4","Đúng Lúc Gặp Người (Piano Version)"
"60a0f0d771b2b5bf6fa9fca5","Tạm Chia Tay Thôi (Piano Version)"
"60a0f0d771b2b5bf6fa9fca6","Sợ Rằng Em Nhớ Ai (Piano Version)"
"60a0f0d771b2b5bf6fa9fca7","Vòng Tròn Tình Yêu (Piano Version)"
"60a0f0d771b2b5bf6fa9fca8","Tôn Thờ Một Tình Yêu (Piano Version)"
"60a0f0d771b2b5bf6fa9fca9","Tình Yêu Chuyển Dời (Piano Version)"
"60a0f0d771b2b5bf6fa9fcaa","Yêu Thêm Lần Nữa (Piano Version)"
"60a0f222a63703c3a20b29fc","Anh Luôn Cố Gắng Beat"
"60a0f222a63703c3a20b29fd","Có Đôi Lúc Beat"
"60a0f222a63703c3a20b29fe","Trời Nắng Trời Mưa Beat"
"60a0f222a63703c3a20b29ff","Vì Sao Cuối Cùng Beat"
"60a0f222a63703c3a20b2a00","Đi Trên Mây Beat"
"60a0f222a63703c3a20b2a01","Xa Anh Sẽ Tốt Hơn Beat"
"60a0f222a63703c3a20b2a02","Lời Gió Nói Beat"
"60a0f222a63703c3a20b2a03","So Lit Beat"
"60a0f222a63703c3a20b2a04","Cuộc Hẹn Đầu Tiên Beat"
"60a0f2f06978b6c618b6532f","Fikushonburu"
"60a0f2f06978b6c618b65330","Thanxx (Japanese Version)"
"60a0f39baa6552c80896562d","Tabun (Hatsune Miku Version)"
"60a0f39baa6552c80896562e","Yoru Ni Kakeru"
"60a0f39baa6552c80896562f","Cinema"
"60a0f39baa6552c808965630","Chica Bom Bom"
"60a0f39baa6552c808965631","Still Here"
"60a0f3f3498674ca2456f30b","Lipstick"
"60a0f3f3498674ca2456f30c","All In (Japanese Version)"
"60a0f465eff6bfcbcee4be4f","Fikushonburu"
"60a0f465eff6bfcbcee4be50","Thanxx (Japanese Version)"
"60a0f4bbcf65d4ce1c12c3a2","Fuyu No Hanashi Cover"
"60a0f4bbcf65d4ce1c12c3a3","Aurora (Japanese Version)"
"60a0f4bbcf65d4ce1c12c3a4","Ame Nochi Hare (Album Version)"
"60a0f522d9718dd084b6d773","Hung Up On"
"60a0f522d9718dd084b6d774","Sawarenai"
"60a0f577fd5bd3d25942f475","Mada Minu Sekai E"
"60a0f577fd5bd3d25942f476","Drive (Japanese Version)"
"60a0f577fd5bd3d25942f477","Rad Dogs"
"60a0f577fd5bd3d25942f478","Are You Ready Now?"
"60a0f577fd5bd3d25942f479","Always"
"60a0f5dee18500d389fc9fc3","Legendboy"
"60a0f655fa2139d513cc05d1","Thê Lon Ma / Mưa Như Trút Nước / ฝนเทลงมา"
"60a0f655fa2139d513cc05d2","Pure Little Girl"
"60a0f655fa2139d513cc05d3","Boys Don't Cry"
"60a0f6ac67be1ad6f1035cc2","May Mắn Biết Bao / โชคดีแค่ไหน (Until We Meet Again OST)"
"60a0f6ac67be1ad6f1035cc3","Longer Than Ever"
"60a0f704f2a813d870d89276","2gether The Series OST"
"60a0f704f2a813d870d89277","Her Cheeks Are Rosier Than Anyone Else's"
"60a0f704f2a813d870d89278","Sarawat Tine (2gether The Series OST)"
"60a0f704f2a813d870d89279","So Special (I Told Sunset About You)"
"60a0f704f2a813d870d8927a","Mai Mee Ni Yam (Dark Blue Kiss OST)"
"60a0f704f2a813d870d8927b","Shake (Love By Chance OST)"
"60a0f75023193cd9b0ca29ca","Mia Archeep OST"
"60a0f75023193cd9b0ca29cb","Mai Mi Ni Yam (Dark Blue Kiss OST)"
"60a0f7a078f346dac887f24b","Rak Mai Mee Taang Auk"
"60a0f7a078f346dac887f24c","Stuck On You (2gether OST)"
"60a0f7e9b4ec3bdbab57bb49","Where Is My Soulmate"
"60a0f83387a745dd19151903","Progressive Kittiphat"
"60a0f83387a745dd19151904","Just Be You"
"60a0f83387a745dd19151905","Hair Fragments (Enoflove OST)"
"60a0f8a5b5a47fdf779ce07c","The Rain Is Pouring Down"
"60a0f8a5b5a47fdf779ce07d","Mai Chai Mai Chai (Y I Love You 2019)"
"60a0f8a5b5a47fdf779ce07e","Mean Plan (Live)"
"60a0f8a5b5a47fdf779ce07f","Siêu Sao Siêu Xịt OST"
"60a0f8a5b5a47fdf779ce080","Please Flirt With Me"